{"gpu_mem_mb":831.46044921875,"final_accuracy":0.9872473813325027,"adapter_param_MB":253.1806983947754,"_runtime":147.348153195,"grad_norm":2864.400146484375,"_wandb":{"runtime":147},"step":3000,"eval_f1":0.9501505308192048,"_step":3000,"lr":0,"_timestamp":1.762544508698353e+09,"final_f1":0.9501505308192048,"eval_accuracy":0.9872473813325027,"train_loss":0.0005104171577841043}